{
    "global_rank1": [
        0.5214285714285715,
        0.5228571428571429,
        0.54,
        0.5585714285714286,
        0.5814285714285714,
        0.6057142857142858,
        0.6128571428571429,
        0.6214285714285714,
        0.6442857142857142,
        0.66,
        0.6814285714285714,
        0.7014285714285714,
        0.7028571428571428,
        0.7142857142857143,
        0.7328571428571429,
        0.7385714285714285,
        0.7457142857142857,
        0.7514285714285714,
        0.7557142857142857,
        0.76,
        0.7628571428571429,
        0.7685714285714286,
        0.77,
        0.7785714285714286,
        0.7828571428571428,
        0.79,
        0.7914285714285715,
        0.7885714285714286,
        0.7957142857142857,
        0.7942857142857143,
        0.7957142857142857,
        0.7985714285714286,
        0.7971428571428572,
        0.8014285714285714,
        0.8014285714285714,
        0.8014285714285714,
        0.7985714285714286,
        0.8028571428571428,
        0.8057142857142857,
        0.8042857142857143,
        0.8028571428571428,
        0.8071428571428572,
        0.8042857142857143,
        0.8071428571428572,
        0.8042857142857143,
        0.8042857142857143,
        0.8042857142857143,
        0.8042857142857143,
        0.8085714285714286,
        0.8085714285714286
    ],
    "global_rank5": [
        0.6885714285714286,
        0.6971428571428572,
        0.7214285714285714,
        0.7357142857142858,
        0.7571428571428571,
        0.7728571428571429,
        0.79,
        0.7971428571428572,
        0.8057142857142857,
        0.8185714285714286,
        0.84,
        0.85,
        0.8542857142857143,
        0.8585714285714285,
        0.8728571428571429,
        0.8728571428571429,
        0.8771428571428571,
        0.8885714285714286,
        0.8914285714285715,
        0.8957142857142857,
        0.8928571428571429,
        0.8971428571428571,
        0.8985714285714286,
        0.9,
        0.9028571428571428,
        0.9057142857142857,
        0.9042857142857142,
        0.9057142857142857,
        0.9085714285714286,
        0.9071428571428571,
        0.9071428571428571,
        0.9057142857142857,
        0.91,
        0.9114285714285715,
        0.9142857142857143,
        0.9128571428571428,
        0.9142857142857143,
        0.9157142857142857,
        0.9157142857142857,
        0.9128571428571428,
        0.9142857142857143,
        0.9157142857142857,
        0.9128571428571428,
        0.9142857142857143,
        0.9142857142857143,
        0.9157142857142857,
        0.9142857142857143,
        0.9142857142857143,
        0.9157142857142857,
        0.9142857142857143
    ],
    "global_mAP": {
        "1": [
            0.604033063498175,
            0.6075481789382142,
            0.6226646758960362,
            0.6416254452952661,
            0.6650227530687174,
            0.6838548317968652,
            0.6923801234429818,
            0.7013499659403086,
            0.7203729782678459,
            0.7356704610180947,
            0.7523143166580011,
            0.7693811403965072,
            0.7728572188982139,
            0.7820388716275727,
            0.7956942614174688,
            0.8009678932362009,
            0.8056348338431784,
            0.8122415720973462,
            0.8171040997087741,
            0.8199380042348358,
            0.8225310823145517,
            0.8279014045119271,
            0.8295775638268141,
            0.8339035835134005,
            0.8377197089315439,
            0.8419566119585771,
            0.8433811447889706,
            0.8450784459151593,
            0.8477974888179907,
            0.8465182037438171,
            0.848827063637091,
            0.849471210721785,
            0.8482268992168795,
            0.8512169731984097,
            0.8519791606742577,
            0.8514369717365682,
            0.8500024011655458,
            0.8520692862121357,
            0.8533430534408155,
            0.8525450058932329,
            0.8525095674796954,
            0.8542920888877097,
            0.8528723162701843,
            0.8544717359811778,
            0.8528691564834665,
            0.8528029755123592,
            0.8533038069503456,
            0.8530965731799282,
            0.8550115119772028,
            0.8550262492798528
        ],
        "5": [
            0.31656081578524,
            0.32390730865220757,
            0.3377560973754858,
            0.3565714792351115,
            0.376909547525844,
            0.393706653153355,
            0.4121851162894917,
            0.4292695716418332,
            0.4483731694235051,
            0.46436758712070514,
            0.4806284266821301,
            0.4966345518089783,
            0.5071647064727051,
            0.5175910966048552,
            0.5312665261250442,
            0.5420749166424311,
            0.5499024742351947,
            0.5589237488967765,
            0.5672010439673268,
            0.5751426080801683,
            0.5821093728699873,
            0.5883287914583446,
            0.5926044528435299,
            0.5990695428146303,
            0.6022545074866846,
            0.6076385853556725,
            0.6116236719830509,
            0.6130039372581242,
            0.6182417936227484,
            0.619952472490173,
            0.624546108165999,
            0.6247150285785474,
            0.6261146429132319,
            0.6288175273741731,
            0.6286258263628562,
            0.6309402418535505,
            0.6307390100052206,
            0.632817755030583,
            0.6329442631572652,
            0.6337749895863775,
            0.633334274491262,
            0.6344231639134469,
            0.6353374465362026,
            0.6356980027839438,
            0.6359703404444683,
            0.635606575118868,
            0.6357547019946466,
            0.6356605521939952,
            0.6364551941910576,
            0.6363592308000657
        ]
    },
    "losses": {
        "loss_C0": [
            24.955324374831264,
            25.99165347533916,
            25.335949627936014,
            24.584170776103537,
            23.527271509685477,
            22.43593813276188,
            21.651126342509787,
            20.766093902917454,
            20.340407699024702,
            19.395807319789416,
            18.684044065537257,
            18.169302163834704,
            17.124647762553995,
            16.643944495182573,
            15.872302588839768,
            15.222503398458592,
            14.782169284367408,
            14.282160847542352,
            13.660824275171267,
            13.093294411447085,
            12.799809367301398,
            12.52804789532853,
            11.914101388490483,
            11.792025539324042,
            11.304165141886305,
            11.268718678286987,
            10.918939841746255,
            10.702858646796537,
            10.340418508706803,
            10.155367758567596,
            10.068542348643359,
            9.869048610876755,
            9.644729910864942,
            9.422695217585717,
            9.524393629564322,
            9.278074194494128,
            9.269157063626317,
            9.282765662438411,
            9.373167758883977,
            9.268605506188411,
            9.384259151845978,
            8.984889646328293,
            9.295881366111805,
            9.140902228798259,
            9.150601117193828,
            9.452150414880872,
            9.308755895231506,
            9.334044882854684,
            9.707358308796234,
            9.285447617071494
        ],