{
    "global_rank1": [
        0.5285714285714286,
        0.5171428571428571,
        0.52,
        0.5242857142857142,
        0.55,
        0.5657142857142857,
        0.5942857142857143,
        0.6128571428571429,
        0.6342857142857142,
        0.6542857142857142,
        0.6671428571428571,
        0.6871428571428572,
        0.6957142857142857,
        0.7,
        0.7171428571428572,
        0.7214285714285714,
        0.7271428571428571,
        0.74,
        0.7442857142857143,
        0.75,
        0.7571428571428571,
        0.76,
        0.7671428571428571,
        0.7657142857142857,
        0.77,
        0.7685714285714286,
        0.7728571428571429,
        0.7757142857142857,
        0.7785714285714286,
        0.78,
        0.7857142857142857,
        0.7871428571428571,
        0.79,
        0.7871428571428571,
        0.7914285714285715,
        0.79,
        0.7957142857142857,
        0.7914285714285715,
        0.7957142857142857,
        0.7957142857142857,
        0.7957142857142857,
        0.7985714285714286,
        0.7971428571428572,
        0.8,
        0.8014285714285714,
        0.8028571428571428,
        0.8028571428571428,
        0.8028571428571428,
        0.8,
        0.8014285714285714
    ],
    "global_rank5": [
        0.6785714285714286,
        0.69,
        0.6914285714285714,
        0.71,
        0.7371428571428571,
        0.7571428571428571,
        0.7742857142857142,
        0.7842857142857143,
        0.7985714285714286,
        0.8028571428571428,
        0.8171428571428572,
        0.8314285714285714,
        0.8357142857142857,
        0.8414285714285714,
        0.8471428571428572,
        0.8585714285714285,
        0.8585714285714285,
        0.8642857142857143,
        0.8714285714285714,
        0.88,
        0.8771428571428571,
        0.88,
        0.8828571428571429,
        0.8814285714285715,
        0.8857142857142857,
        0.89,
        0.8914285714285715,
        0.8885714285714286,
        0.8942857142857142,
        0.8971428571428571,
        0.8957142857142857,
        0.8957142857142857,
        0.8971428571428571,
        0.9,
        0.9028571428571428,
        0.9014285714285715,
        0.9042857142857142,
        0.9028571428571428,
        0.9042857142857142,
        0.9042857142857142,
        0.9028571428571428,
        0.9042857142857142,
        0.9042857142857142,
        0.9028571428571428,
        0.9042857142857142,
        0.9042857142857142,
        0.9042857142857142,
        0.9042857142857142,
        0.9042857142857142,
        0.9057142857142857
    ],
    "global_mAP": {
        "1": [
            0.6026494866204906,
            0.597386806330452,
            0.6035867123736927,
            0.6112695736027869,
            0.6341253131031072,
            0.6539171166563285,
            0.6778454307341499,
            0.6933209719753364,
            0.7101948813863737,
            0.725939722346317,
            0.7351651444416659,
            0.7526578340284295,
            0.7606770889665966,
            0.7659180520674825,
            0.7784319465610192,
            0.783931427439317,
            0.7886394500757022,
            0.7987176672072712,
            0.802642478883915,
            0.8084679759156532,
            0.8131097182560793,
            0.815816157733879,
            0.8212216340526791,
            0.8203073610244025,
            0.8241437526503179,
            0.8247979056666201,
            0.826994561747073,
            0.8288840679474848,
            0.832139902986357,
            0.8327747144471855,
            0.8363530438348692,
            0.8370736757612038,
            0.8385612453928859,
            0.8380521739739681,
            0.8404441209352863,
            0.8410883027165627,
            0.8442272961229135,
            0.8414822579173856,
            0.8442233239035338,
            0.844601727203286,
            0.8452757326201326,
            0.8464053106115937,
            0.8456569067010177,
            0.8478690653316912,
            0.8485977716414683,
            0.8495727416881461,
            0.8493798446093841,
            0.8492962985387534,
            0.847744947075264,
            0.8485722443137378
        ],
        "5": [
            0.3101396312367463,
            0.3118736198887216,
            0.3201160030975628,
            0.33425958039762343,
            0.3578985356743995,
            0.37703808582607456,
            0.3979677102345134,
            0.4142119301711812,
            0.4331079583026807,
            0.4519694531582489,
            0.4635727350615212,
            0.4815058261878927,
            0.49227351148163245,
            0.503217274118766,
            0.5177802985678037,
            0.5293516465691048,
            0.5360316184670598,
            0.5461569264553706,
            0.5533698571734216,
            0.5622379448716489,
            0.5664008378612512,
            0.5727340004442372,
            0.5795987763332475,
            0.5833527100350158,
            0.5897909603150768,
            0.5911860570327305,
            0.5933379281405085,
            0.5974602820046969,
            0.6020409986050935,
            0.6042131410186341,
            0.6077950731511973,
            0.6096803533682873,
            0.6131476905384344,
            0.6138753370090246,
            0.6166612991956472,
            0.6165470849874061,
            0.6191633220024463,
            0.6176849725961924,
            0.6200306813620228,
            0.6198008897131386,
            0.6214540216235992,
            0.6217372731020486,
            0.6217673652266974,
            0.6228037239536565,
            0.6233245421436385,
            0.6232914139113934,
            0.6235764349256937,
            0.6237013440832938,
            0.623130545464056,
            0.6235271762476267
        ]
    },
    "losses": {
        "loss_C0": [
            25.560988358236028,
            25.63098157713789,
            24.941201129690874,
            24.48710444473036,
            23.63883072459672,
            22.718165090738054,
            22.00350154604819,
            21.20917934475398,
            20.459190418086866,
            19.810583522458828,
            19.07585035287021,
            18.466327840257154,
            17.83922364335853,
            16.997060359682944,
            16.36980179525091,
            15.837433454542387,
            15.189884523593582,
            14.897190365884011,
            14.195147718260664,
            13.70951853148623,
            13.235484178843818,
            13.033938908422483,
            12.771663789357788,
            12.117691007082716,
            11.690461918808214,
            11.394577388887013,
            11.11812451488256,
            11.153576581061015,
            10.708743727747875,
            10.151905166922583,
            10.354603777693878,
            9.851696105034254,
            10.100979370380838,
            9.85151352686707,
            9.64051729865517,
            9.552647040678153,
            9.500819888022239,
            9.293421833870477,
            9.386740171626114,
            9.28805271750135,
            9.11443969858388,
            9.213100029634347,
            9.325723833450747,
            9.153119641297836,
            9.275345013414551,
            9.238924755648455,
            9.36507539357789,
            9.399052102931375,
            9.538652984421402,
            9.46467099282448
        ],