{
    "global_rank1": [
        0.5214285714285715,
        0.53,
        0.5428571428571428,
        0.5728571428571428,
        0.5871428571428572,
        0.6228571428571429,
        0.6428571428571429,
        0.6671428571428571,
        0.69,
        0.7228571428571429,
        0.7314285714285714,
        0.7442857142857143,
        0.7571428571428571,
        0.76,
        0.77,
        0.7757142857142857,
        0.7828571428571428,
        0.79,
        0.79,
        0.7942857142857143,
        0.8014285714285714,
        0.7957142857142857,
        0.7942857142857143,
        0.7957142857142857,
        0.8028571428571428,
        0.8071428571428572,
        0.8057142857142857,
        0.81,
        0.8142857142857143,
        0.8128571428571428,
        0.8157142857142857,
        0.81,
        0.8128571428571428,
        0.8228571428571428,
        0.82,
        0.8257142857142857,
        0.8257142857142857,
        0.8228571428571428,
        0.8257142857142857,
        0.8242857142857143,
        0.82,
        0.8228571428571428,
        0.82,
        0.8228571428571428,
        0.8228571428571428,
        0.8242857142857143,
        0.8228571428571428,
        0.8228571428571428
    ],
    "global_rank5": [
        0.71,
        0.7171428571428572,
        0.7385714285714285,
        0.7557142857142857,
        0.7914285714285715,
        0.8057142857142857,
        0.8171428571428572,
        0.8371428571428572,
        0.8442857142857143,
        0.8571428571428571,
        0.8642857142857143,
        0.8757142857142857,
        0.8885714285714286,
        0.8928571428571429,
        0.9028571428571428,
        0.9014285714285715,
        0.9014285714285715,
        0.9,
        0.9028571428571428,
        0.9114285714285715,
        0.9157142857142857,
        0.9157142857142857,
        0.9157142857142857,
        0.9142857142857143,
        0.9171428571428571,
        0.9185714285714286,
        0.9214285714285714,
        0.9228571428571428,
        0.92,
        0.9242857142857143,
        0.9257142857142857,
        0.9242857142857143,
        0.9242857142857143,
        0.9242857142857143,
        0.9314285714285714,
        0.93,
        0.93,
        0.9285714285714286,
        0.93,
        0.9314285714285714,
        0.93,
        0.93,
        0.93,
        0.9314285714285714,
        0.9328571428571428,
        0.9328571428571428,
        0.9314285714285714,
        0.9328571428571428
    ],
    "global_mAP": {
        "1": [
            0.6076281928421344,
            0.6164074877440928,
            0.6336844710680032,
            0.6564134868600212,
            0.6770515128278628,
            0.7059140965412828,
            0.7225528413460136,
            0.7421973382548055,
            0.7626401170988343,
            0.7843829900917594,
            0.7945385104339295,
            0.8042309421359867,
            0.8155391627183164,
            0.8179703227003029,
            0.8244284585292933,
            0.8295579624352194,
            0.8349686979485121,
            0.8393310811204007,
            0.8398520666030231,
            0.8432952909650524,
            0.8487433055513958,
            0.8464583830340346,
            0.8476417182722681,
            0.8478651868499043,
            0.852997535347335,
            0.8562145510574083,
            0.8558542058136491,
            0.8602668315360412,
            0.8620688559411297,
            0.8611413589965855,
            0.8627042078694127,
            0.8604509374143504,
            0.8629248946642982,
            0.8686253691987421,
            0.8670992419804098,
            0.8701694823795154,
            0.870432173233666,
            0.8688588146723052,
            0.8707076329295985,
            0.8689126669969434,
            0.8668610620303557,
            0.868973333215917,
            0.8672151547440421,
            0.8688159783973768,
            0.8688081300637172,
            0.8699047949526264,
            0.8689774047341334,
            0.8691129752672625
        ],
        "5": [
            0.3257709633603938,
            0.3369509425385427,
            0.35296816067594344,
            0.369884774641006,
            0.39620756034253,
            0.42488715865544885,
            0.4489568729986772,
            0.47567599587650017,
            0.5005072346944088,
            0.5250473802098513,
            0.5384908263843956,
            0.5537078963018891,
            0.5686311916289024,
            0.5766699862541399,
            0.5881872472202477,
            0.5981347502418193,
            0.6071459587583755,
            0.611037009300984,
            0.6176002150310556,
            0.6228890453430783,
            0.6291144560605408,
            0.6313494344460875,
            0.6342394075573574,
            0.6376041278576235,
            0.6409761663752245,
            0.646170140570477,
            0.6458814284173124,
            0.6509932226790637,
            0.652866543571863,
            0.653083587580226,
            0.6545688323601317,
            0.6536369595039561,
            0.6554417670233073,
            0.657952994173711,
            0.6584351302546281,
            0.6615753149630524,
            0.661284624165246,
            0.659999929960103,
            0.660216696424081,
            0.6598861279416203,
            0.6602946313460115,
            0.6604871840837823,
            0.6609389331419636,
            0.6608157887937071,
            0.6604673833458623,
            0.6610518759240145,
            0.6604000444546442,
            0.6606785882328179
        ]
    },
    "losses": {
        "loss_C0": [
            24.818607602212136,
            24.991399843285976,
            23.918228841497367,
            22.80753822409051,
            21.319767929307844,
            20.145571088687905,
            19.351377812626552,
            18.22469110674271,
            17.228769850267447,
            16.28874282342569,
            15.534179094285738,
            14.812189683028484,
            14.193052419575965,
            13.492318864002598,
            12.727300854017615,
            12.161806769813884,
            11.517194117634652,
            11.290629244777605,
            11.015623418095302,
            10.273359723019034,
            9.713331547978115,
            9.710192356974723,
            9.221369766004656,
            8.790785293084756,
            8.74441874361965,
            8.495757858902538,
            8.078636482518899,
            7.6155341459402,
            7.101799719791948,
            6.6121848252628075,
            6.549733238137824,
            6.556383829137419,
            6.1786758389895216,
            5.856558220947793,
            6.065627755150682,
            6.0350569854802245,
            5.7019250264178085,
            5.643428464687669,
            5.466261433216202,
            5.677294341843278,
            5.538307008681493,
            5.466435541601984,
            5.586214036714954,
            5.451180147043314,
            5.641693543666897,
            5.5959677315170255,
            5.660956496038911,
            5.727113661961731
        ],